Title,Genre(s),Developer(s),Publisher(s),Release Date[c],Addons,Ref
12 Minutes,Adventure,Luis Antonio,Annapurna Interactive,"<span data-sort-value=""000000002020-12-31-0000"">Q4 2020","<span data-sort-value=""000000002020-12-31-0000"">Q4 2020","<span data-sort-value=""000000002020-12-31-0000"">Q4 2020",,
Ark: Survival Evolved,"Action-adventure
survival",Studio Wildcard,Studio Wildcard,"<span data-sort-value=""000000002020-11-10-0000"" style=""white-space:nowrap"">Nov 10, 2020","<span data-sort-value=""000000002020-11-10-0000"" style=""white-space:nowrap"">Nov 10, 2020","<span data-sort-value=""000000002020-11-10-0000"" style=""white-space:nowrap"">Nov 10, 2020",,[3]
"<span data-sort-value=""Ascent !"">The Ascent",Action role-playing,Neon Giant,Curve Digital,"<span data-sort-value=""000000002021-13-31-0000"">2021","<span data-sort-value=""000000002021-13-31-0000"">2021","<span data-sort-value=""000000002021-13-31-0000"">2021",SD OP,[4]
As Dusk Falls,Adventure,Interior Night,Xbox Game Studios,TBA,TBA,TBA,OP,
Assassin's Creed Valhalla,Action role-playing,Ubisoft Montreal,Ubisoft,"<span data-sort-value=""000000002020-11-10-0000"" style=""white-space:nowrap"">Nov 10, 2020","<span data-sort-value=""000000002020-11-10-0000"" style=""white-space:nowrap"">Nov 10, 2020","<span data-sort-value=""000000002020-11-10-0000"" style=""white-space:nowrap"">Nov 10, 2020",SD OP,
Atomic Heart,"Action role-playing
First-person shooter",Mundfish,Mundfish,TBA,TBA,TBA,,
Avowed,Action role-playing,Obsidian Entertainment,Xbox Game Studios,TBA,TBA,TBA,OP,
Balan Wonderworld,Platform,"Balan Company
Arzest",Square Enix,"<span data-sort-value=""000000002021-03-26-0000"" style=""white-space:nowrap"">Mar 26, 2021","<span data-sort-value=""000000002021-03-26-0000"" style=""white-space:nowrap"">Mar 26, 2021","<span data-sort-value=""000000002021-03-26-0000"" style=""white-space:nowrap"">Mar 26, 2021",SD OP,[5]
Battletoads,Beat 'em up,"Dlala Studios
Rare",Xbox Game Studios,"<span data-sort-value=""000000002020-11-10-0000"" style=""white-space:nowrap"">Nov 10, 2020","<span data-sort-value=""000000002020-11-10-0000"" style=""white-space:nowrap"">Nov 10, 2020","<span data-sort-value=""000000002020-11-10-0000"" style=""white-space:nowrap"">Nov 10, 2020",,
Blood Bowl 3,Sports,Cyanide,Nacon,"<span data-sort-value=""000000002021-13-31-0000"">2021","<span data-sort-value=""000000002021-13-31-0000"">2021","<span data-sort-value=""000000002021-13-31-0000"">2021",,
Borderlands 3,"Action role-playing
First-person shooter",Gearbox Software,2K Games,"<span data-sort-value=""000000002020-11-10-0000"" style=""white-space:nowrap"">Nov 10, 2020","<span data-sort-value=""000000002020-11-10-0000"" style=""white-space:nowrap"">Nov 10, 2020","<span data-sort-value=""000000002020-11-10-0000"" style=""white-space:nowrap"">Nov 10, 2020",SD OP,
Braid Anniversary Edition,Puzzle-platform,Thekla,Thekla,"<span data-sort-value=""000000002021-13-31-0000"">2021","<span data-sort-value=""000000002021-13-31-0000"">2021","<span data-sort-value=""000000002021-13-31-0000"">2021",,
Bridge Constructor: The Walking Dead,"Simulation
puzzle",ClockStone,Headup Games,TBA,"<span data-sort-value=""000000002020-11-19-0000"" style=""white-space:nowrap"">Nov 19, 2020","<span data-sort-value=""000000002020-11-19-0000"" style=""white-space:nowrap"">Nov 19, 2020",,
Bright Memory,First-person shooter,FYQD Personal Studio,Playism,"<span data-sort-value=""000000002020-11-10-0000"" style=""white-space:nowrap"">Nov 10, 2020","<span data-sort-value=""000000002020-11-10-0000"" style=""white-space:nowrap"">Nov 10, 2020","<span data-sort-value=""000000002020-11-10-0000"" style=""white-space:nowrap"">Nov 10, 2020",OP,
Call of the Sea,Puzzle adventure,Out of the Blue,Raw Fury,TBA,"<span data-sort-value=""000000002020-12-08-0000"" style=""white-space:nowrap"">Dec 8, 2020","<span data-sort-value=""000000002020-12-08-0000"" style=""white-space:nowrap"">Dec 8, 2020",SD OP,[4]
Call of Duty: Black Ops Cold War,First-person shooter,"Raven Software
Treyarch",Activision,"<span data-sort-value=""000000002020-11-13-0000"" style=""white-space:nowrap"">Nov 13, 2020","<span data-sort-value=""000000002020-11-13-0000"" style=""white-space:nowrap"">Nov 13, 2020","<span data-sort-value=""000000002020-11-13-0000"" style=""white-space:nowrap"">Nov 13, 2020",OP XP,
Chernobylite,Survival,The Farm 51,All In! Games,"<span data-sort-value=""000000002021-13-31-0000"">2021","<span data-sort-value=""000000002021-13-31-0000"">2021","<span data-sort-value=""000000002021-13-31-0000"">2021",,
Chorus,Space combat,Fishlabs,Deep Silver,TBA,TBA,TBA,SD OP,[4]
Control: Ultimate Edition,"Action-adventure
Third-person shooter",Remedy Entertainment,505 Games,"<span data-sort-value=""000000002021-13-31-0000"">2021","<span data-sort-value=""000000002021-13-31-0000"">2021","<span data-sort-value=""000000002021-13-31-0000"">2021",,
CrossfireX,First-person shooter,"Remedy Entertainment
Smilegate",Xbox Game Studios,"<span data-sort-value=""000000002020-13-31-0000"">2020","<span data-sort-value=""000000002020-13-31-0000"">2020","<span data-sort-value=""000000002020-13-31-0000"">2020",SD OP,
Cyberpunk 2077,Action role-playing,CD Projekt Red,CD Projekt,TBA,TBA,TBA,SD,
"<span data-sort-value=""Dark Pictures Anthology: House of Ashes !"">The Dark Pictures Anthology: House of Ashes","Interactive drame
survival horror",Supermassive Games,Bandai Namco Entertainment,"<span data-sort-value=""000000002021-13-31-0000"">2021","<span data-sort-value=""000000002021-13-31-0000"">2021","<span data-sort-value=""000000002021-13-31-0000"">2021",,
DARQ: Complete Edition,Psychological horror,Unfold Games,Feardemic,TBA,"<span data-sort-value=""000000002021-13-31-0000"">2021","<span data-sort-value=""000000002021-13-31-0000"">2021",
Dawn of the Monsters,Beat 'em up,13AM Games,WayForward,"<span data-sort-value=""000000002021-13-31-0000"">2021","<span data-sort-value=""000000002021-13-31-0000"">2021","<span data-sort-value=""000000002021-13-31-0000"">2021",,[6]
Dead by Daylight,Survival horror,Behaviour Interactive,Behaviour Interactive,"<span data-sort-value=""000000002020-11-10-0000"" style=""white-space:nowrap"">Nov 10, 2020","<span data-sort-value=""000000002020-11-10-0000"" style=""white-space:nowrap"">Nov 10, 2020","<span data-sort-value=""000000002020-11-10-0000"" style=""white-space:nowrap"">Nov 10, 2020",SD,
Destiny 2,First-person shooter,Bungie,Bungie,"<span data-sort-value=""000000002020-12-08-0000"" style=""white-space:nowrap"">Dec 8, 2020","<span data-sort-value=""000000002020-12-08-0000"" style=""white-space:nowrap"">Dec 8, 2020","<span data-sort-value=""000000002020-12-08-0000"" style=""white-space:nowrap"">Dec 8, 2020",SD OP,
Devil May Cry 5 Special Edition,"Action-adventure
Hack and slash",Capcom,Capcom,"<span data-sort-value=""000000002020-11-10-0000"" style=""white-space:nowrap"">Nov 10, 2020","<span data-sort-value=""000000002020-11-10-0000"" style=""white-space:nowrap"">Nov 10, 2020","<span data-sort-value=""000000002020-11-10-0000"" style=""white-space:nowrap"">Nov 10, 2020",OP
Dirt 5,Racing,Codemasters,Codemasters,"<span data-sort-value=""000000002020-11-10-0000"" style=""white-space:nowrap"">Nov 10, 2020","<span data-sort-value=""000000002020-11-10-0000"" style=""white-space:nowrap"">Nov 10, 2020","<span data-sort-value=""000000002020-11-10-0000"" style=""white-space:nowrap"">Nov 10, 2020",SD OP,
Dragon Quest XI S: Echoes of an Elusive Age - Definitive Edition,Japanese role-playing,Square Enix,Square Enix,"<span data-sort-value=""000000002020-12-04-0000"" style=""white-space:nowrap"">Dec 4, 2020","<span data-sort-value=""000000002020-12-04-0000"" style=""white-space:nowrap"">Dec 4, 2020","<span data-sort-value=""000000002020-12-04-0000"" style=""white-space:nowrap"">Dec 4, 2020",SD,
Doom Eternal,First-person shooter,id Software,Bethesda Softworks,TBA,TBA,TBA,SD OP,
Dying Light 2,"Action role-playing
Survival horror",Techland,Techland Publishing,TBA,TBA,TBA,,
Dynasty Warriors 9: Empires,Hack and slash,Omega Force,Koei Tecmo,"<span data-sort-value=""000000002021-13-31-0000"">2021","<span data-sort-value=""000000002021-13-31-0000"">2021","<span data-sort-value=""000000002021-13-31-0000"">2021",,
Echo Generation,Turn-based role-playing,Cococucumber,Cococucumber,TBA,TBA,TBA,,
Eiyuden Chronicle: Hundred Heroes,Japanese role-playing,Rabbit and Bear Studios,Rabbit and Bear Studios,"<span data-sort-value=""000000002022-13-31-0000"">2022","<span data-sort-value=""000000002022-13-31-0000"">2022","<span data-sort-value=""000000002022-13-31-0000"">2022",,
The Elder Scrolls Online,MMORPG,ZeniMax Online Studios,Bethesda Softworks,TBA,TBA,TBA,SD OP,
Enlisted,First-person shooter,DarkFlow Software,Gaijin Entertainment,"<span data-sort-value=""000000002020-11-10-0000"" style=""white-space:nowrap"">Nov 10, 2020","<span data-sort-value=""000000002020-11-10-0000"" style=""white-space:nowrap"">Nov 10, 2020","<span data-sort-value=""000000002020-11-10-0000"" style=""white-space:nowrap"">Nov 10, 2020",,
Evergate,Puzzle-platform,Stone Lantern Games,PQube,"<span data-sort-value=""000000002020-11-10-0000"" style=""white-space:nowrap"">Nov 10, 2020","<span data-sort-value=""000000002020-11-10-0000"" style=""white-space:nowrap"">Nov 10, 2020","<span data-sort-value=""000000002020-11-10-0000"" style=""white-space:nowrap"">Nov 10, 2020",,
Everwild,Adventure,Rare,Xbox Game Studios,TBA,TBA,TBA,OP,
Exomecha,First-person shooter,TwistedRed,TwistedRed,TBA,TBA,TBA,,
Fable,Action role-playing,Playground Games,Xbox Game Studios,TBA,TBA,TBA,OP,
Far Cry 6,First-person shooter,Ubisoft Toronto,Ubisoft,TBA,TBA,TBA,SD OP,
FIFA 21,Sports,EA Vancouver,Electronic Arts,"<span data-sort-value=""000000002020-12-04-0000"" style=""white-space:nowrap"">Dec 4, 2020","<span data-sort-value=""000000002020-12-04-0000"" style=""white-space:nowrap"">Dec 4, 2020","<span data-sort-value=""000000002020-12-04-0000"" style=""white-space:nowrap"">Dec 4, 2020",EN OP,
Football Manager 2021,Sports,Sports Interactive,Sega,Unreleased,"<span data-sort-value=""000000002020-13-31-0000"">2020","<span data-sort-value=""000000002020-13-31-0000"">2020",
Fortnite,"Battle royale
Sandbox
Survival",Epic Games,Epic Games,"<span data-sort-value=""000000002020-11-10-0000"" style=""white-space:nowrap"">Nov 10, 2020","<span data-sort-value=""000000002020-11-10-0000"" style=""white-space:nowrap"">Nov 10, 2020","<span data-sort-value=""000000002020-11-10-0000"" style=""white-space:nowrap"">Nov 10, 2020",XP,
Forza Horizon 4,Racing,Playground Games,Xbox Game Studios,"<span data-sort-value=""000000002020-11-10-0000"" style=""white-space:nowrap"">Nov 10, 2020","<span data-sort-value=""000000002020-11-10-0000"" style=""white-space:nowrap"">Nov 10, 2020","<span data-sort-value=""000000002020-11-10-0000"" style=""white-space:nowrap"">Nov 10, 2020",SD PA OP,
Forza Motorsport,Racing,Turn 10 Studios,Xbox Game Studios,TBA,TBA,TBA,OP,
Gears 5,Third-person shooter,The Coalition,Xbox Game Studios,"<span data-sort-value=""000000002020-11-10-0000"" style=""white-space:nowrap"">Nov 10, 2020","<span data-sort-value=""000000002020-11-10-0000"" style=""white-space:nowrap"">Nov 10, 2020","<span data-sort-value=""000000002020-11-10-0000"" style=""white-space:nowrap"">Nov 10, 2020",SD PA OP,
Gears Tactics,Turn-based strategy,"The Coalition
Splash Damage",Xbox Game Studios,"<span data-sort-value=""000000002020-11-10-0000"" style=""white-space:nowrap"">Nov 10, 2020","<span data-sort-value=""000000002020-11-10-0000"" style=""white-space:nowrap"">Nov 10, 2020","<span data-sort-value=""000000002020-11-10-0000"" style=""white-space:nowrap"">Nov 10, 2020",SD PA OP,
Ghostrunner,"Action
platform",One More Level,"All in! Games
505 Games","<span data-sort-value=""000000002021-13-31-0000"">2021","<span data-sort-value=""000000002021-13-31-0000"">2021","<span data-sort-value=""000000002021-13-31-0000"">2021",,
Gotham Knights,Action role-playing game,WB Games Montréal,WB Games,"<span data-sort-value=""000000002021-13-31-0000"">2021","<span data-sort-value=""000000002021-13-31-0000"">2021","<span data-sort-value=""000000002021-13-31-0000"">2021",
Grand Theft Auto V,Action-adventure,Rockstar North,Rockstar Games,"<span data-sort-value=""000000002021-09-32-0000"">Q3/Q4 2021","<span data-sort-value=""000000002021-09-32-0000"">Q3/Q4 2021","<span data-sort-value=""000000002021-09-32-0000"">Q3/Q4 2021",,
Graven,First-person shooter,Slipgate Ironworks,"3D Realms
1C Entertainment","<span data-sort-value=""000000002021-13-31-0000"">2021","<span data-sort-value=""000000002021-13-31-0000"">2021","<span data-sort-value=""000000002021-13-31-0000"">2021",,
Grounded,"Action-adventure
Survival",Obsidian Entertainment,Xbox Game Studios,"<span data-sort-value=""000000002021-13-31-0000"">2021","<span data-sort-value=""000000002021-13-31-0000"">2021","<span data-sort-value=""000000002021-13-31-0000"">2021",SD OP,
The Gunk,Action-adventure,Image & Form Games,Thunderful,TBA,TBA,TBA,SD OP,
Halo Infinite,First-person shooter,343 Industries,Xbox Game Studios,"<span data-sort-value=""000000002021-13-31-0000"">2021","<span data-sort-value=""000000002021-13-31-0000"">2021","<span data-sort-value=""000000002021-13-31-0000"">2021",SD PA OP,
Halo: The Master Chief Collection,First-person shooter,"343 Industries
Bungie",Xbox Game Studios,"<span data-sort-value=""000000002020-11-17-0000"" style=""white-space:nowrap"">Nov 17, 2020","<span data-sort-value=""000000002020-11-17-0000"" style=""white-space:nowrap"">Nov 17, 2020","<span data-sort-value=""000000002020-11-17-0000"" style=""white-space:nowrap"">Nov 17, 2020",SD OP,
Haven,"Adventure
role-playing",The Game Bakers,The Game Bakers,"<span data-sort-value=""000000002020-12-03-0000"" style=""white-space:nowrap"">Dec 3, 2020","<span data-sort-value=""000000002020-12-03-0000"" style=""white-space:nowrap"">Dec 3, 2020","<span data-sort-value=""000000002020-12-03-0000"" style=""white-space:nowrap"">Dec 3, 2020",,
Hello Neighbor 2,"Stealth
Survival horror",Dynamic Pixels,TinyBuild,"<span data-sort-value=""000000002021-13-31-0000"">2021","<span data-sort-value=""000000002021-13-31-0000"">2021","<span data-sort-value=""000000002021-13-31-0000"">2021",,
Hellpoint,Action role-playing,Cradle Games,TinyBuild,"<span data-sort-value=""000000002021-13-31-0000"">2021","<span data-sort-value=""000000002021-13-31-0000"">2021","<span data-sort-value=""000000002021-13-31-0000"">2021",,
Hitman 3,Stealth,IO Interactive,IO Interactive,"<span data-sort-value=""000000002021-01-20-0000"" style=""white-space:nowrap"">Jan 20, 2021","<span data-sort-value=""000000002021-01-20-0000"" style=""white-space:nowrap"">Jan 20, 2021","<span data-sort-value=""000000002021-01-20-0000"" style=""white-space:nowrap"">Jan 20, 2021",,
Hogwarts Legacy,Action role-playing,Avalanche Software,Portkey Games,"<span data-sort-value=""000000002021-13-31-0000"">2021","<span data-sort-value=""000000002021-13-31-0000"">2021","<span data-sort-value=""000000002021-13-31-0000"">2021",
Hood: Outlaws & Legends,"Stealth
action",Sumo Digital,Focus Home Interactive,"<span data-sort-value=""000000002021-13-31-0000"">2021","<span data-sort-value=""000000002021-13-31-0000"">2021","<span data-sort-value=""000000002021-13-31-0000"">2021",,
In Sound Mind,Psychological Horror,We Create Stuff,Modus Games,Unreleased,"<span data-sort-value=""000000002021-13-31-0000"">2021","<span data-sort-value=""000000002021-13-31-0000"">2021",,
Insurgency: Sandstorm,First-person shooter,New World Interactive,Focus Home Interactive,"<span data-sort-value=""000000002021-13-31-0000"">2021","<span data-sort-value=""000000002021-13-31-0000"">2021","<span data-sort-value=""000000002021-13-31-0000"">2021",,
Immortals Fenyx Rising,Action-adventure,Ubisoft Quebec,Ubisoft,"<span data-sort-value=""000000002020-12-03-0000"" style=""white-space:nowrap"">Dec 3, 2020","<span data-sort-value=""000000002020-12-03-0000"" style=""white-space:nowrap"">Dec 3, 2020","<span data-sort-value=""000000002020-12-03-0000"" style=""white-space:nowrap"">Dec 3, 2020",,
Just Dance 2021,Music,Ubisoft Paris,Ubisoft,"<span data-sort-value=""000000002020-11-24-0000"" style=""white-space:nowrap"">Nov 24, 2020","<span data-sort-value=""000000002020-11-24-0000"" style=""white-space:nowrap"">Nov 24, 2020","<span data-sort-value=""000000002020-11-24-0000"" style=""white-space:nowrap"">Nov 24, 2020",˄,
King Arthur: Knight's Tale,Tactical role-playing,NeocoreGames,NeocoreGames,TBA,TBA,TBA,,[7]
Last Oasis,Survival,Donkey Crew,Donkey Crew,"<span data-sort-value=""000000002021-03-31-0000"">Q1 2021","<span data-sort-value=""000000002021-03-31-0000"">Q1 2021","<span data-sort-value=""000000002021-03-31-0000"">Q1 2021",,[8]
Lego Star Wars: The Skywalker Saga,Action-adventure,Traveller's Tales,WB Games,"<span data-sort-value=""000000002021-13-31-0000"">2021","<span data-sort-value=""000000002021-13-31-0000"">2021","<span data-sort-value=""000000002021-13-31-0000"">2021",SD OP,
Little Nightmares 2,"Puzzle-platformer
Survival horror",Tarsier Studios,Bandai Namco Entertainment,"<span data-sort-value=""000000002021-02-11-0000"" style=""white-space:nowrap"">Feb 11, 2021","<span data-sort-value=""000000002021-02-11-0000"" style=""white-space:nowrap"">Feb 11, 2021","<span data-sort-value=""000000002021-02-11-0000"" style=""white-space:nowrap"">Feb 11, 2021",˄,
"<span data-sort-value=""Lord of the Rings: Gollum !"">The Lord of the Rings: Gollum",Action-adventure,Daedalic Entertainment,Daedalic Entertainment,TBA,"<span data-sort-value=""000000002021-13-31-0000"">2021","<span data-sort-value=""000000002021-13-31-0000"">2021",,
Madden NFL 21,Sports,EA Tiburon,Electronic Arts,"<span data-sort-value=""000000002020-12-04-0000"" style=""white-space:nowrap"">Dec 4, 2020","<span data-sort-value=""000000002020-12-04-0000"" style=""white-space:nowrap"">Dec 4, 2020","<span data-sort-value=""000000002020-12-04-0000"" style=""white-space:nowrap"">Dec 4, 2020",EN OP XP,
Maneater,Action role-playing,"Tripwire Interactive
Blindside Interactive","Tripwire Interactive
Deep Silver","<span data-sort-value=""000000002020-11-10-0000"" style=""white-space:nowrap"">Nov 10, 2020","<span data-sort-value=""000000002020-11-10-0000"" style=""white-space:nowrap"">Nov 10, 2020","<span data-sort-value=""000000002020-11-10-0000"" style=""white-space:nowrap"">Nov 10, 2020",SD,[9]
Manifold Garden,Puzzle,William Chyr Studio,William Chyr Studio,"<span data-sort-value=""000000002020-11-10-0000"" style=""white-space:nowrap"">Nov 10, 2020","<span data-sort-value=""000000002020-11-10-0000"" style=""white-space:nowrap"">Nov 10, 2020","<span data-sort-value=""000000002020-11-10-0000"" style=""white-space:nowrap"">Nov 10, 2020",SD OP,[10]
Marvel's Avengers,Action-adventure,Crystal Dynamics,Square Enix,"<span data-sort-value=""000000002021-13-31-0000"">2021","<span data-sort-value=""000000002021-13-31-0000"">2021","<span data-sort-value=""000000002021-13-31-0000"">2021",SD OP,
"<span data-sort-value=""Medium !"">The Medium",Psychological horror,Bloober Team,Bloober Team,"<span data-sort-value=""000000002021-01-28-0000"" style=""white-space:nowrap"">Jan 28, 2021","<span data-sort-value=""000000002021-01-28-0000"" style=""white-space:nowrap"">Jan 28, 2021","<span data-sort-value=""000000002021-01-28-0000"" style=""white-space:nowrap"">Jan 28, 2021",OP,
Microsoft Flight Simulator,Amateur flight simulation,Asobo Studio,Xbox Game Studios,TBA,TBA,TBA,,
Mortal Kombat 11,Fighting,NetherRealm Studios,WB Games,Unreleased,"<span data-sort-value=""000000002020-11-17-0000"" style=""white-space:nowrap"">Nov 17, 2020","<span data-sort-value=""000000002020-11-17-0000"" style=""white-space:nowrap"">Nov 17, 2020",,
Morkredd,Puzzle,Hyper Games,Aspyr,"<span data-sort-value=""000000002020-12-31-0000"">Q4 2020","<span data-sort-value=""000000002020-12-31-0000"">Q4 2020","<span data-sort-value=""000000002020-12-31-0000"">Q4 2020",,
Monster Boy and the Cursed Kingdom,Platform,Game Atelier,FDG Entertainment,TBA,TBA,TBA,,
My Time at Sandrock,Role-playing,Pathea Games,Pathea Games,"<span data-sort-value=""000000002022-13-31-0000"">2022","<span data-sort-value=""000000002022-13-31-0000"">2022","<span data-sort-value=""000000002022-13-31-0000"">2022",,[11]
NBA 2K21,Sports,Visual Concepts,2K Sports,"<span data-sort-value=""000000002020-11-10-0000"" style=""white-space:nowrap"">Nov 10, 2020","<span data-sort-value=""000000002020-11-10-0000"" style=""white-space:nowrap"">Nov 10, 2020","<span data-sort-value=""000000002020-11-10-0000"" style=""white-space:nowrap"">Nov 10, 2020",,
No Man's Sky,"Action-adventure
survival",Hello Games,Hello Games,"<span data-sort-value=""000000002020-11-10-0000"" style=""white-space:nowrap"">Nov 10, 2020","<span data-sort-value=""000000002020-11-10-0000"" style=""white-space:nowrap"">Nov 10, 2020","<span data-sort-value=""000000002020-11-10-0000"" style=""white-space:nowrap"">Nov 10, 2020",,[12]
Observer: System Redux,Psychological horror,Bloober Team,Aspyr,"<span data-sort-value=""000000002020-11-10-0000"" style=""white-space:nowrap"">Nov 10, 2020","<span data-sort-value=""000000002020-11-10-0000"" style=""white-space:nowrap"">Nov 10, 2020","<span data-sort-value=""000000002020-11-10-0000"" style=""white-space:nowrap"">Nov 10, 2020",,
Ori and the Will of the Wisps,"Platform-adventure
Metroidvania",Moon Studios,Xbox Game Studios,"<span data-sort-value=""000000002020-11-10-0000"" style=""white-space:nowrap"">Nov 10, 2020","<span data-sort-value=""000000002020-11-10-0000"" style=""white-space:nowrap"">Nov 10, 2020","<span data-sort-value=""000000002020-11-10-0000"" style=""white-space:nowrap"">Nov 10, 2020",SD PA OP,
Orphan of the Machine,Metroidvania,Dynamic Voltage Games,Dynamic Voltage Games,TBA,TBA,TBA,,[13]
The Outer Worlds,Action role-playing,Obsidian Entertainment,"Private Division
Xbox Game Studios","<span data-sort-value=""000000002020-12-31-0000"">Q4 2020","<span data-sort-value=""000000002020-12-31-0000"">Q4 2020","<span data-sort-value=""000000002020-12-31-0000"">Q4 2020",,
Outriders,Third-person shooter,People Can Fly,Square Enix,"<span data-sort-value=""000000002021-02-02-0000"" style=""white-space:nowrap"">Feb 2, 2021","<span data-sort-value=""000000002021-02-02-0000"" style=""white-space:nowrap"">Feb 2, 2021","<span data-sort-value=""000000002021-02-02-0000"" style=""white-space:nowrap"">Feb 2, 2021",SD OP,
Overcooked! All You Can Eat,Simulation,"Ghost Town Games
Team17",Team17,"<span data-sort-value=""000000002020-11-10-0000"" style=""white-space:nowrap"">Nov 10, 2020","<span data-sort-value=""000000002020-11-10-0000"" style=""white-space:nowrap"">Nov 10, 2020","<span data-sort-value=""000000002020-11-10-0000"" style=""white-space:nowrap"">Nov 10, 2020",,
Override 2: Super Mech League,Beat 'em up,Modus Studios Brazil,Modus Games,"<span data-sort-value=""000000002020-12-22-0000"" style=""white-space:nowrap"">Dec 22, 2020","<span data-sort-value=""000000002020-12-22-0000"" style=""white-space:nowrap"">Dec 22, 2020","<span data-sort-value=""000000002020-12-22-0000"" style=""white-space:nowrap"">Dec 22, 2020",,
Party Crasher Simulator,Simulation,Glob Games Studio,Glob Games Studio,"<span data-sort-value=""000000002021-13-31-0000"">2021","<span data-sort-value=""000000002021-13-31-0000"">2021","<span data-sort-value=""000000002021-13-31-0000"">2021",,
Phantasy Star Online 2: New Genesis,Action role-playing,Sega,Sega,"<span data-sort-value=""000000002021-13-31-0000"">2021","<span data-sort-value=""000000002021-13-31-0000"">2021","<span data-sort-value=""000000002021-13-31-0000"">2021",OP,
Planet Coaster: Console Edition,Construction and management simulation,Frontier Developments,Frontier Developments,"<span data-sort-value=""000000002020-11-10-0000"" style=""white-space:nowrap"">Nov 10, 2020","<span data-sort-value=""000000002020-11-10-0000"" style=""white-space:nowrap"">Nov 10, 2020","<span data-sort-value=""000000002020-11-10-0000"" style=""white-space:nowrap"">Nov 10, 2020",,
Pragmata,TBA,Capcom,Capcom,"<span data-sort-value=""000000002022-13-31-0000"">2022","<span data-sort-value=""000000002022-13-31-0000"">2022","<span data-sort-value=""000000002022-13-31-0000"">2022",,
Puyo Puyo Tetris 2,Puzzle,Sonic Team,Sega,"<span data-sort-value=""000000002020-12-10-0000"" style=""white-space:nowrap"">Dec 10, 2020","<span data-sort-value=""000000002020-12-08-0000"" style=""white-space:nowrap"">Dec 8, 2020","<span data-sort-value=""000000002020-12-08-0000"" style=""white-space:nowrap"">Dec 8, 2020",SD,
Psychonauts 2,"3D platformer
Action-adventure",Double Fine,Xbox Game Studios,"<span data-sort-value=""000000002021-13-31-0000"">2021","<span data-sort-value=""000000002021-13-31-0000"">2021","<span data-sort-value=""000000002021-13-31-0000"">2021",SD OP,
Quantum Error,First-person shooter,TeamKill Media,TeamKill Media,TBA,TBA,TBA,,
Resident Evil Village,Survival horror,Capcom,Capcom,"<span data-sort-value=""000000002021-13-31-0000"">2021","<span data-sort-value=""000000002021-13-31-0000"">2021","<span data-sort-value=""000000002021-13-31-0000"">2021",,
Recompile,Metroidvania,Phigames,Dear Villagers,TBA,TBA,TBA,,[14]
Ride 4,Racing,Milestone,Milestone,"<span data-sort-value=""000000002021-01-21-0000"" style=""white-space:nowrap"">Jan 21, 2021","<span data-sort-value=""000000002021-01-21-0000"" style=""white-space:nowrap"">Jan 21, 2021","<span data-sort-value=""000000002021-01-21-0000"" style=""white-space:nowrap"">Jan 21, 2021",SD OP,
Riders Republic,Extreme sports,Ubisoft Annecy,Ubisoft,"<span data-sort-value=""000000002021-02-25-0000"" style=""white-space:nowrap"">Feb 25, 2021","<span data-sort-value=""000000002021-02-25-0000"" style=""white-space:nowrap"">Feb 25, 2021","<span data-sort-value=""000000002021-02-25-0000"" style=""white-space:nowrap"">Feb 25, 2021",SD OP,[15]
Rogue Company,Third-person shooter,First Watch Games,Hi-Rez Studios,"<span data-sort-value=""000000002020-11-10-0000"" style=""white-space:nowrap"">Nov 10, 2020","<span data-sort-value=""000000002020-11-10-0000"" style=""white-space:nowrap"">Nov 10, 2020","<span data-sort-value=""000000002020-11-10-0000"" style=""white-space:nowrap"">Nov 10, 2020",,
R-Type Final 2,Shoot 'em up,Granzella,"JP: Granzella
WW: NIS America","<span data-sort-value=""000000002021-13-31-0000"">2021","<span data-sort-value=""000000002021-13-31-0000"">2021","<span data-sort-value=""000000002021-13-31-0000"">2021",,
Ruined King: A League of Legends Story,Role-playing,Airship Syndicate,Riot Forge,"<span data-sort-value=""000000002021-13-31-0000"">2021","<span data-sort-value=""000000002021-13-31-0000"">2021","<span data-sort-value=""000000002021-13-31-0000"">2021",,[16]
Sable,Adventure,Shedworks,Raw Fury,"<span data-sort-value=""000000002021-13-31-0000"">2021","<span data-sort-value=""000000002021-13-31-0000"">2021","<span data-sort-value=""000000002021-13-31-0000"">2021",,
Samurai Shodown,Fighting,SNK,SNK,"<span data-sort-value=""000000002020-12-31-0000"">Q4 2020","<span data-sort-value=""000000002020-12-31-0000"">Q4 2020","<span data-sort-value=""000000002020-12-31-0000"">Q4 2020",,
Scarlet Nexus,Action-adventure,Bandai Namco Studios,Bandai Namco Entertainment,TBA,TBA,TBA,SD OP,[4]
Scorn,"First-person shooter
Survival horror",Ebb Software,Ebb Software,"<span data-sort-value=""000000002021-13-31-0000"">2021","<span data-sort-value=""000000002021-13-31-0000"">2021","<span data-sort-value=""000000002021-13-31-0000"">2021",OP,
Sea of Thieves,Action-adventure,Rare,Xbox Game Studios,"<span data-sort-value=""000000002020-11-10-0000"" style=""white-space:nowrap"">Nov 10, 2020","<span data-sort-value=""000000002020-11-10-0000"" style=""white-space:nowrap"">Nov 10, 2020","<span data-sort-value=""000000002020-11-10-0000"" style=""white-space:nowrap"">Nov 10, 2020",SD PA OP,
Second Extinction,First-person shooter,Systemic Reaction,Avalanche Studios Group,TBA,TBA,TBA,SD OP,[4]
Senua's Saga: Hellblade II,Action-adventure,Ninja Theory,Xbox Game Studios,TBA,TBA,TBA,,
Sherlock Holmes: Chapter One,Adventure,Frogwares,Frogwares,TBA,TBA,TBA,,
Spacelords,Action-adventure,MercurySteam,MercurySteam,"<span data-sort-value=""000000002020-11-10-0000"" style=""white-space:nowrap"">Nov 10, 2020","<span data-sort-value=""000000002020-11-10-0000"" style=""white-space:nowrap"">Nov 10, 2020","<span data-sort-value=""000000002020-11-10-0000"" style=""white-space:nowrap"">Nov 10, 2020",,
S.T.A.L.K.E.R. 2,"First-person shooter
Survival horror",GSC Game World,GSC Game World,TBA,TBA,TBA,OP,
State of Decay 3,"Action-adventure
Survival horror",Undead Labs,Xbox Game Studios,TBA,TBA,TBA,OP,
Steelrising,"Action role-playing
souls-like",Spiders,Nacon,TBA,TBA,TBA,,
Suicide Squad: Kill the Justice League,Action-adventure,Rocksteady Studios,WB Games,"<span data-sort-value=""000000002022-13-31-0000"">2022","<span data-sort-value=""000000002022-13-31-0000"">2022","<span data-sort-value=""000000002022-13-31-0000"">2022",
Sword of the Necromancer,"Roguelike
role-playing",Grimorio of Games,JanduSoft,TBA,TBA,TBA,,[17]
Temtem,MMORPG,Crema,Humble Games,"<span data-sort-value=""000000002021-13-31-0000"">2021","<span data-sort-value=""000000002021-13-31-0000"">2021","<span data-sort-value=""000000002021-13-31-0000"">2021",,
Tell Me Why,Adventure,Dontnod Entertainment,Xbox Game Studios,"<span data-sort-value=""000000002020-11-10-0000"" style=""white-space:nowrap"">Nov 10, 2020","<span data-sort-value=""000000002020-11-10-0000"" style=""white-space:nowrap"">Nov 10, 2020","<span data-sort-value=""000000002020-11-10-0000"" style=""white-space:nowrap"">Nov 10, 2020",,
Tetris Effect: Connected,Puzzle,"Monstars
Resonair",Enhance Games,"<span data-sort-value=""000000002020-11-10-0000"" style=""white-space:nowrap"">Nov 10, 2020","<span data-sort-value=""000000002020-11-10-0000"" style=""white-space:nowrap"">Nov 10, 2020","<span data-sort-value=""000000002020-11-10-0000"" style=""white-space:nowrap"">Nov 10, 2020",SD OP,
Tom Clancy's Rainbow Six Quarantine,Tactical shooter,Ubisoft,Ubisoft,TBA,TBA,TBA,,
Tom Clancy's Rainbow Six Siege,Tactical shooter,Ubisoft Montreal,Ubisoft,"<span data-sort-value=""000000002020-12-31-0000"">Q4 2020","<span data-sort-value=""000000002020-12-31-0000"">Q4 2020","<span data-sort-value=""000000002020-12-31-0000"">Q4 2020",,
Ultimate Fishing Simulator 2,Sports,Ultimate Games,Ultimate Games,TBA,TBA,TBA,,[18]
Unknown 9: Awakening,Action-adventure,Reflector Entertainment,TBA,"<span data-sort-value=""000000002021-13-31-0000"">2021","<span data-sort-value=""000000002021-13-31-0000"">2021","<span data-sort-value=""000000002021-13-31-0000"">2021",,[19]
Vampire: The Masquerade – Bloodlines 2,Action-adventure,Hardsuit Labs,Paradox Interactive,"<span data-sort-value=""000000002021-13-31-0000"">2021","<span data-sort-value=""000000002021-13-31-0000"">2021","<span data-sort-value=""000000002021-13-31-0000"">2021",SD OP,
Vampire: The Masquerade – Swansong,Action role-playing,Big Bad Wolf,Nacon,TBA,"<span data-sort-value=""000000002021-13-31-0000"">2021","<span data-sort-value=""000000002021-13-31-0000"">2021",,
Warframe,Third-person shooter,Digital Extremes,Digital Extremes,TBA,TBA,TBA,,
Warhammer: Chaosbane,"Action role-playing
Hack and slash",Eko Software,Bigben Interactive,"<span data-sort-value=""000000002020-11-10-0000"" style=""white-space:nowrap"">Nov 10, 2020","<span data-sort-value=""000000002020-11-10-0000"" style=""white-space:nowrap"">Nov 10, 2020","<span data-sort-value=""000000002020-11-10-0000"" style=""white-space:nowrap"">Nov 10, 2020",,
"Warhammer 40,000: Darktide",Action-adventure,Fatshark,Fatshark,"<span data-sort-value=""000000002021-13-31-0000"">2021","<span data-sort-value=""000000002021-13-31-0000"">2021","<span data-sort-value=""000000002021-13-31-0000"">2021",OP,
War Mongrels,Real-time tactics,Destructive Creations,All In! Games,"<span data-sort-value=""000000002021-13-31-0000"">2021","<span data-sort-value=""000000002021-13-31-0000"">2021","<span data-sort-value=""000000002021-13-31-0000"">2021",,
War Thunder,"Action
vehicular combat
combat flight simulator",Gaijin Entertainment,Gaijin Entertainment,"<span data-sort-value=""000000002020-11-01-0000"" style=""white-space:nowrap"">Nov 2020","<span data-sort-value=""000000002020-11-01-0000"" style=""white-space:nowrap"">Nov 2020","<span data-sort-value=""000000002020-11-01-0000"" style=""white-space:nowrap"">Nov 2020",,[20]
Watch Dogs: Legion,Action-adventure,Ubisoft Toronto,Ubisoft,"<span data-sort-value=""000000002020-11-10-0000"" style=""white-space:nowrap"">Nov 10, 2020","<span data-sort-value=""000000002020-11-10-0000"" style=""white-space:nowrap"">Nov 10, 2020","<span data-sort-value=""000000002020-11-10-0000"" style=""white-space:nowrap"">Nov 10, 2020",SD OP,
We Happy Few,"Action-adventure, Survival horror",Compulsion Games,Gearbox Publishing,"<span data-sort-value=""000000002020-11-10-0000"" style=""white-space:nowrap"">Nov 10, 2020","<span data-sort-value=""000000002020-11-10-0000"" style=""white-space:nowrap"">Nov 10, 2020","<span data-sort-value=""000000002020-11-10-0000"" style=""white-space:nowrap"">Nov 10, 2020",,
Werewolf: The Apocalypse – Earthblood,Action role-playing,Cyanide,Nacon,TBA,"<span data-sort-value=""000000002021-02-04-0000"" style=""white-space:nowrap"">Feb 4, 2021","<span data-sort-value=""000000002021-02-04-0000"" style=""white-space:nowrap"">Feb 4, 2021",,
The Witcher 3: Wild Hunt,Action role-playing,CD Projekt Red,CD Projekt,TBA,TBA,TBA,SD OP,
WRC 9,Racing,Kylotonn,Nacon,TBA,TBA,TBA,SD OP,
Yakuza: Like a Dragon,Role-playing,Ryu Ga Gotoku Studio,Sega,TBA,"<span data-sort-value=""000000002020-11-10-0000"" style=""white-space:nowrap"">Nov 10, 2020","<span data-sort-value=""000000002020-11-10-0000"" style=""white-space:nowrap"">Nov 10, 2020",SD OP,
"Yes, Your Grace","Role-playing
strategy",Brave at Night,No More Robots,"<span data-sort-value=""000000002020-11-10-0000"" style=""white-space:nowrap"">Nov 10, 2020","<span data-sort-value=""000000002020-11-10-0000"" style=""white-space:nowrap"">Nov 10, 2020","<span data-sort-value=""000000002020-11-10-0000"" style=""white-space:nowrap"">Nov 10, 2020",SD,
